path	bytes	status
WATER-01-LOOK-INSIDE.jpg	376952	not-copied-binary-or-non-utf8
fbm-video-studio/README.md	6119	copied-text
fbm-video-studio/content/QUEUE.md	6260	copied-text
fbm-video-studio/content/citation-library.json	25029	copied-text
fbm-video-studio/content/critic-backlog.json	17497	copied-text
fbm-video-studio/content/funnel.json	9464	copied-text
fbm-video-studio/content/hooks.json	9739	copied-text
fbm-video-studio/content/shows.json	9601	copied-text
fbm-video-studio/content/topics.json	60129	copied-text
fbm-video-studio/content/topics.md	22992	copied-text
fbm-video-studio/docs/BRAND-BRIEF.md	3700	copied-text
fbm-video-studio/docs/BRAND-GUARDRAILS.md	12281	copied-text
fbm-video-studio/docs/CONTENT-ENGINE.md	5185	copied-text
fbm-video-studio/docs/CRITIC-BACKLOG.md	6780	copied-text
fbm-video-studio/docs/DECODER-OS-MAP.html	14716	copied-text
fbm-video-studio/docs/DECODER-OS.md	238830	copied-text
fbm-video-studio/docs/ENGINE-PLAYBOOK.md	625	copied-text
fbm-video-studio/docs/ERRATA-AND-CONFLICTS.md	6401	copied-text
fbm-video-studio/docs/FBM-PIPELINE-WORLD-CLASS.md	15793	copied-text
fbm-video-studio/docs/LESSONS-LOG.md	16050	copied-text
fbm-video-studio/docs/PIPELINE-OS.md	7503	copied-text
fbm-video-studio/docs/PLAYBOOK.md	9898	copied-text
fbm-video-studio/docs/REEL-PIPELINE-ARCHIVE.md	147645	copied-text
fbm-video-studio/docs/RESEARCH-GRIP-01.md	5533	copied-text
fbm-video-studio/docs/RESEARCH-WATER-01.md	7088	copied-text
fbm-video-studio/docs/ROADMAP-90-DAY.md	4783	copied-text
fbm-video-studio/docs/VOICE-UPGRADE.md	2172	copied-text
fbm-video-studio/docs/dependencies.json	638	copied-text
fbm-video-studio/episodes/GRIP-01/CAPTION.md	4178	copied-text
fbm-video-studio/episodes/GRIP-01/FRESH-EYES-AUDIT.md	4540	copied-text
fbm-video-studio/episodes/GRIP-01/GRIP-01-PUBLISH.mp4	33810199	not-copied-over-2MiB
fbm-video-studio/episodes/GRIP-01/PRUNE-NOTES.txt	857	copied-text
fbm-video-studio/episodes/GRIP-01/README.md	1827	copied-text
fbm-video-studio/episodes/GRIP-01/SCRIPT-FINAL.md	6082	copied-text
fbm-video-studio/episodes/GRIP-01/bed_grip.py	4012	copied-text
fbm-video-studio/episodes/GRIP-01/cover-story.jpg	412570	not-copied-binary-or-non-utf8
fbm-video-studio/episodes/GRIP-01/cover.jpg	321468	not-copied-binary-or-non-utf8
fbm-video-studio/episodes/GRIP-01/durs.json	136	copied-text
fbm-video-studio/episodes/GRIP-01/film_grip.py	18068	copied-text
fbm-video-studio/episodes/GRIP-01/mix.m4a	2271885	not-copied-over-2MiB
fbm-video-studio/episodes/GRIP-01/qc/sheet0.jpg	178435	not-copied-binary-or-non-utf8
fbm-video-studio/episodes/GRIP-01/qc/sheet2.jpg	225200	not-copied-binary-or-non-utf8
fbm-video-studio/episodes/GRIP-01/segments.json	2054	copied-text
fbm-video-studio/episodes/GRIP-01/timeline.json	391	copied-text
fbm-video-studio/episodes/WATER-01/CAPTION.md	4302	copied-text
fbm-video-studio/episodes/WATER-01/FACT-CHECK.md	8345	copied-text
fbm-video-studio/episodes/WATER-01/FRESH-EYES-AUDIT.md	2515	copied-text
fbm-video-studio/episodes/WATER-01/PROOF-m02-cite.jpg	37740	not-copied-binary-or-non-utf8
fbm-video-studio/episodes/WATER-01/PROOF-m05-1945.mp3	248787	not-copied-binary-or-non-utf8
fbm-video-studio/episodes/WATER-01/PRUNE-NOTES.txt	5597	copied-text
fbm-video-studio/episodes/WATER-01/README.md	5829	copied-text
fbm-video-studio/episodes/WATER-01/SCRIPT-FINAL.md	7359	copied-text
fbm-video-studio/episodes/WATER-01/WATER-01-EN-VIEW.mp4	2588651	not-copied-over-2MiB
fbm-video-studio/episodes/WATER-01/WATER-01-PLAYER.html	2023707	copied-text
fbm-video-studio/episodes/WATER-01/WATER-01-PUBLISH.mp4	66613719	not-copied-over-2MiB
fbm-video-studio/episodes/WATER-01/WATER-01-PUBLISH.sha256	87	copied-text
fbm-video-studio/episodes/WATER-01/WATER-01-VIEW.mp4	2653812	not-copied-over-2MiB
fbm-video-studio/episodes/WATER-01/WATER-01-VO-HINDI.mp3	1455119	not-copied-binary-or-non-utf8
fbm-video-studio/episodes/WATER-01/bed_water.py	4258	copied-text
fbm-video-studio/episodes/WATER-01/cover-story.jpg	263950	not-copied-binary-or-non-utf8
fbm-video-studio/episodes/WATER-01/cover.jpg	200901	not-copied-binary-or-non-utf8
fbm-video-studio/episodes/WATER-01/durs.json	147	copied-text
fbm-video-studio/episodes/WATER-01/film_water.py	21881	copied-text
fbm-video-studio/episodes/WATER-01/previews/m03_tax.jpg	42919	not-copied-binary-or-non-utf8
fbm-video-studio/episodes/WATER-01/previews/m05_danger.jpg	31367	not-copied-binary-or-non-utf8
fbm-video-studio/episodes/WATER-01/previews/m09_cta.jpg	40523	not-copied-binary-or-non-utf8
fbm-video-studio/episodes/WATER-01/qc/fr_001.jpg	8488	not-copied-binary-or-non-utf8
fbm-video-studio/episodes/WATER-01/qc/fr_002.jpg	11239	not-copied-binary-or-non-utf8
fbm-video-studio/episodes/WATER-01/qc/fr_003.jpg	12240	not-copied-binary-or-non-utf8
fbm-video-studio/episodes/WATER-01/qc/fr_004.jpg	12269	not-copied-binary-or-non-utf8
fbm-video-studio/episodes/WATER-01/qc/fr_005.jpg	12390	not-copied-binary-or-non-utf8
fbm-video-studio/episodes/WATER-01/qc/fr_006.jpg	19754	not-copied-binary-or-non-utf8
fbm-video-studio/episodes/WATER-01/qc/fr_007.jpg	17571	not-copied-binary-or-non-utf8
fbm-video-studio/episodes/WATER-01/qc/fr_008.jpg	16970	not-copied-binary-or-non-utf8
fbm-video-studio/episodes/WATER-01/qc/fr_009.jpg	20322	not-copied-binary-or-non-utf8
fbm-video-studio/episodes/WATER-01/qc/fr_010.jpg	21846	not-copied-binary-or-non-utf8
fbm-video-studio/episodes/WATER-01/qc/fr_011.jpg	21991	not-copied-binary-or-non-utf8
fbm-video-studio/episodes/WATER-01/qc/fr_012.jpg	22192	not-copied-binary-or-non-utf8
fbm-video-studio/episodes/WATER-01/qc/fr_013.jpg	23471	not-copied-binary-or-non-utf8
fbm-video-studio/episodes/WATER-01/qc/fr_014.jpg	25717	not-copied-binary-or-non-utf8
fbm-video-studio/episodes/WATER-01/qc/fr_015.jpg	24253	not-copied-binary-or-non-utf8
fbm-video-studio/episodes/WATER-01/qc/fr_016.jpg	24304	not-copied-binary-or-non-utf8
fbm-video-studio/episodes/WATER-01/qc/fr_017.jpg	23231	not-copied-binary-or-non-utf8
fbm-video-studio/episodes/WATER-01/qc/fr_018.jpg	24505	not-copied-binary-or-non-utf8
fbm-video-studio/episodes/WATER-01/qc/fr_019.jpg	22066	not-copied-binary-or-non-utf8
fbm-video-studio/episodes/WATER-01/qc/fr_020.jpg	21044	not-copied-binary-or-non-utf8
fbm-video-studio/episodes/WATER-01/qc/fr_021.jpg	20792	not-copied-binary-or-non-utf8
fbm-video-studio/episodes/WATER-01/qc/fr_022.jpg	22397	not-copied-binary-or-non-utf8
fbm-video-studio/episodes/WATER-01/qc/fr_023.jpg	20573	not-copied-binary-or-non-utf8
fbm-video-studio/episodes/WATER-01/qc/fr_024.jpg	16220	not-copied-binary-or-non-utf8
fbm-video-studio/episodes/WATER-01/qc/fr_025.jpg	16258	not-copied-binary-or-non-utf8
fbm-video-studio/episodes/WATER-01/qc/fr_026.jpg	18799	not-copied-binary-or-non-utf8
fbm-video-studio/episodes/WATER-01/qc/fr_027.jpg	18753	not-copied-binary-or-non-utf8
fbm-video-studio/episodes/WATER-01/qc/fr_028.jpg	16344	not-copied-binary-or-non-utf8
fbm-video-studio/episodes/WATER-01/qc/fr_029.jpg	26989	not-copied-binary-or-non-utf8
fbm-video-studio/episodes/WATER-01/qc/fr_030.jpg	26512	not-copied-binary-or-non-utf8
fbm-video-studio/episodes/WATER-01/qc/fr_031.jpg	25998	not-copied-binary-or-non-utf8
fbm-video-studio/episodes/WATER-01/qc/fr_032.jpg	25981	not-copied-binary-or-non-utf8
fbm-video-studio/episodes/WATER-01/qc/fr_033.jpg	21988	not-copied-binary-or-non-utf8
fbm-video-studio/episodes/WATER-01/qc/fr_034.jpg	23979	not-copied-binary-or-non-utf8
fbm-video-studio/episodes/WATER-01/qc/fr_035.jpg	22909	not-copied-binary-or-non-utf8
fbm-video-studio/episodes/WATER-01/qc/fr_036.jpg	22999	not-copied-binary-or-non-utf8
fbm-video-studio/episodes/WATER-01/qc/fr_037.jpg	22866	not-copied-binary-or-non-utf8
fbm-video-studio/episodes/WATER-01/qc/fr_038.jpg	22896	not-copied-binary-or-non-utf8
fbm-video-studio/episodes/WATER-01/qc/fr_039.jpg	22745	not-copied-binary-or-non-utf8
fbm-video-studio/episodes/WATER-01/qc/fr_040.jpg	29016	not-copied-binary-or-non-utf8
fbm-video-studio/episodes/WATER-01/qc/fr_041.jpg	29880	not-copied-binary-or-non-utf8
fbm-video-studio/episodes/WATER-01/qc/fr_042.jpg	28096	not-copied-binary-or-non-utf8
fbm-video-studio/episodes/WATER-01/qc/fr_043.jpg	27501	not-copied-binary-or-non-utf8
fbm-video-studio/episodes/WATER-01/qc/fr_044.jpg	27478	not-copied-binary-or-non-utf8
fbm-video-studio/episodes/WATER-01/qc/fr_045.jpg	21462	not-copied-binary-or-non-utf8
fbm-video-studio/episodes/WATER-01/qc/fr_046.jpg	21618	not-copied-binary-or-non-utf8
fbm-video-studio/episodes/WATER-01/qc/fr_047.jpg	22806	not-copied-binary-or-non-utf8
fbm-video-studio/episodes/WATER-01/qc/fr_048.jpg	23036	not-copied-binary-or-non-utf8
fbm-video-studio/episodes/WATER-01/qc/sheet0.jpg	163676	not-copied-binary-or-non-utf8
fbm-video-studio/episodes/WATER-01/qc/sheet1.jpg	243110	not-copied-binary-or-non-utf8
fbm-video-studio/episodes/WATER-01/qc/sheet2.jpg	214839	not-copied-binary-or-non-utf8
fbm-video-studio/episodes/WATER-01/qc/sheet3.jpg	251223	not-copied-binary-or-non-utf8
fbm-video-studio/episodes/WATER-01/qc/sheet4.jpg	212583	not-copied-binary-or-non-utf8
fbm-video-studio/episodes/WATER-01/segments-en.json	3093	copied-text
fbm-video-studio/episodes/WATER-01/segments-hi.json	5592	copied-text
fbm-video-studio/episodes/WATER-01/segments.json	5592	copied-text
fbm-video-studio/episodes/WATER-01/timeline-en.json	412	copied-text
fbm-video-studio/episodes/WATER-01/timeline.json	410	copied-text
fbm-video-studio/example-episode/bed_endurance.py	2225	copied-text
fbm-video-studio/example-episode/segments.json	4658	copied-text
fbm-video-studio/example-episode/timeline.json	960	copied-text
fbm-video-studio/remotion-composer/public/fbm/grip/carry.jpg	206490	not-copied-binary-or-non-utf8
fbm-video-studio/remotion-composer/public/fbm/grip/chair_stand.jpg	116679	not-copied-binary-or-non-utf8
fbm-video-studio/remotion-composer/public/fbm/grip/dynamometer.jpg	135858	not-copied-binary-or-non-utf8
fbm-video-studio/remotion-composer/public/fbm/grip/forearm_anatomy.jpg	104638	not-copied-binary-or-non-utf8
fbm-video-studio/remotion-composer/public/fbm/grip/golden_hands.jpg	222833	not-copied-binary-or-non-utf8
fbm-video-studio/remotion-composer/public/fbm/grip/hang.jpg	122823	not-copied-binary-or-non-utf8
fbm-video-studio/remotion-composer/public/fbm/grip/hero_body.jpg	105832	not-copied-binary-or-non-utf8
fbm-video-studio/remotion-composer/public/fbm/grip/squeeze.jpg	149723	not-copied-binary-or-non-utf8
fbm-video-studio/remotion-composer/public/fbm/water-01/blood_plasma.jpg	128685	not-copied-binary-or-non-utf8
fbm-video-studio/remotion-composer/public/fbm/water-01/body_water.jpg	136071	not-copied-binary-or-non-utf8
fbm-video-studio/remotion-composer/public/fbm/water-01/brain_fluid.jpg	127540	not-copied-binary-or-non-utf8
fbm-video-studio/remotion-composer/public/fbm/water-01/drop_crown.jpg	121572	not-copied-binary-or-non-utf8
fbm-video-studio/remotion-composer/public/fbm/water-01/glass_meal.jpg	167140	not-copied-binary-or-non-utf8
fbm-video-studio/remotion-composer/public/fbm/water-01/heart_tax.jpg	126880	not-copied-binary-or-non-utf8
fbm-video-studio/remotion-composer/public/fbm/water-01/kidney_filter.jpg	148632	not-copied-binary-or-non-utf8
fbm-video-studio/remotion-composer/public/fbm/water-01/muscle_fiber.jpg	182593	not-copied-binary-or-non-utf8
fbm-video-studio/remotion-composer/public/fbm/water-01/salt_crystal.jpg	156513	not-copied-binary-or-non-utf8
fbm-video-studio/remotion-composer/public/fbm/water-01/sweat_skin.jpg	175285	not-copied-binary-or-non-utf8
fbm-video-studio/remotion-composer/public/fonts/Anton-Regular.ttf	170812	not-copied-binary-or-non-utf8
fbm-video-studio/remotion-composer/public/fonts/CormorantGaramond-Italic.ttf	715644	not-copied-binary-or-non-utf8
fbm-video-studio/remotion-composer/public/fonts/CormorantGaramond.ttf	1195560	not-copied-binary-or-non-utf8
fbm-video-studio/remotion-composer/public/fonts/DMSans-var.ttf	240164	not-copied-binary-or-non-utf8
fbm-video-studio/remotion-composer/public/fonts/SpaceMono-Bold.ttf	98232	not-copied-binary-or-non-utf8
fbm-video-studio/remotion-composer/public/fonts/SpaceMono-Regular.ttf	99356	not-copied-binary-or-non-utf8
fbm-video-studio/src/fbm/films/Core01.tsx	30900	copied-text
fbm-video-studio/src/fbm/films/CoreSpine.tsx	11261	copied-text
fbm-video-studio/src/fbm/films/Endurance01.tsx	18884	copied-text
fbm-video-studio/src/fbm/films/EnduranceHeart.tsx	7038	copied-text
fbm-video-studio/src/fbm/kit/FbmFilmKit.tsx	16041	copied-text
fbm-video-studio/src/remotion.config.ts	318	copied-text
fbm-video-studio/tools/engine/assemble_vo.py	2027	copied-text
fbm-video-studio/tools/engine/bedlib.py	5017	copied-text
fbm-video-studio/tools/engine/binpaths.py	4710	copied-text
fbm-video-studio/tools/engine/bootstrap_env.sh	1359	copied-text
fbm-video-studio/tools/engine/brand_gate.py	5832	copied-text
fbm-video-studio/tools/engine/chain_vo.py	3958	copied-text
fbm-video-studio/tools/engine/filmlib.py	26670	copied-text
fbm-video-studio/tools/engine/gen_vo.py	4157	copied-text
fbm-video-studio/tools/engine/gen_vo_lib.py	5061	copied-text
fbm-video-studio/tools/engine/gen_vo_scratch.py	3045	copied-text
fbm-video-studio/tools/engine/make_cover.py	5238	copied-text
fbm-video-studio/tools/engine/make_transcript.py	529	copied-text
fbm-video-studio/tools/engine/make_viewer.py	4349	copied-text
fbm-video-studio/tools/engine/mix_master.py	2481	copied-text
fbm-video-studio/tools/engine/mix_master.sh	1454	copied-text
fbm-video-studio/tools/engine/mux_av.py	604	copied-text
fbm-video-studio/tools/engine/new_episode.py	13659	copied-text
fbm-video-studio/tools/engine/publish_ig.py	2279	copied-text
fbm-video-studio/tools/engine/qc_sweep.py	2973	copied-text
fbm-video-studio/tools/engine/qc_sweep.sh	2282	copied-text
fbm-video-studio/tools/engine/render_film.py	2445	copied-text
fbm-video-studio/tools/engine/run_episode.sh	2705	copied-text
fbm-video-studio/tools/engine/segments.example.json	366	copied-text
fbm-video-studio/tools/engine/serve_episode.py	8045	copied-text
fbm-video-studio/tools/engine/swap_voice.sh	2655	copied-text
fbm-video-studio/tools/engine/verify_vo.py	4168	copied-text
fbm-video-studio/tools/publish_ig.sh	1731	copied-text
fbm-video-studio/workflows/fresh-eyes-audit.js	2429	copied-text
fbm-video-studio/workflows/research-gauntlet.js	2740	copied-text
fbm-video-studio/workflows/script-gauntlet.js	4695	copied-text
uploads/FBM-DECODER-OS-content-system.md	238830	copied-text
uploads/FBM-REEL-PIPELINE-FULL-CODE.md	147645	copied-text
uploads/RESEARCH.md	13666	copied-text
